# handle	name	amounts	n_recipes	in_big_scc
90	32768K Soul Storage Part	1,100000	1	0
274	Acacia Desk	1,100000	2	0
1112	Air Sac Mask	1,100000	2	1
1198	Alchemical Niter [Rare Metals]	1,100000	13	1
1631	Demonic Label	1,100000	2	0
1767	Red Aluminum Bricks	1,100000	3	0
2434	Antimatter Block 4x	1,100000	2	0
2456	Apatite Essence	1,100000	2	0
2481	Apple Sapling	1,100000	2	0
2708	Arithmetic Logic Unit	1,100000	1	1
2973	Aspen Slab	1,100000	3	1
3274	Brown Awning	1,100000	1	0
3488	Bamboo Chair	1,100000	3	0
3516	Bamboo Fence Gate	1,100000	3	1
3676	Bamboo Potion Shelf	1,100000	1	0
3679	Bamboo Raft	1,100000	4	1
3771	Banner Pattern	1,100000	1	0
4200	Battery (Blazing)	1,100000	1	0
4512	Blue Enchanted Grandfather Clock	1,100000	1	0
4891	Birch Log 3x	1,100000	2	1
5509	Black Dark Oak Seat	1,100000	1	0
5527	Black Detector	1,100000	1	0
5603	Black Northland Small Seat Back	1,100000	1	0
5684	Black Menril Small Seat Back	1,100000	1	0
5770	Black Paint Ball	1,100000	1	0
5964	Black Roof Block	1,100000	2	0
6017	Black Step Requester Manager	1,100000	1	0
6240	Blackstone Railing	1,100000	2	0
6250	Blackstone Running Bond Path	1,100000	2	0
6397	Blastproof Alloy Large Plate	1,100000	1	0
6594	Warehouse	1,100000	1	0
6652	Blood Infuser	1,100000	1	0
6827	Blue Florus Fancy Seat Back	1,100000	1	0
6937	Blue Willow Tall Seat Back	1,100000	1	0
7058	Blue Cup	1,100000	1	0
7059	Blue Curtain	1,100000	1	0
7129	Blue Cradlewood Small Seat Back	1,100000	1	0
7331	Blue Logic Array	1,100000	1	0
8629	Brick Windmill Weave Stairs	1,100000	2	0
9104	Brown Concrete Waxed Botany Pot	1,100000	1	0
9105	Brown Kitchen Connector	1,100000	1	0
9517	Brown Yellow Bioshroom Display Case	1,100000	1	0
9663	Brown Smogstem Flat Seat Back	1,100000	1	0
9665	Brown Smogstem Seat	1,100000	1	0
9996	ME Pattern Provider	1,100000	1	0
10105	Calibrated Precision Mechanism	1,100000	1	1
10184	Candlenut Planks	1,100000	4	0
10468	Carved Stone	1,100000	1	0
10752	Impure Purple Chalk	1,100000	1	0
10755	Impure Red Chalk	1,100000	1	0
11203	Cherry Modern Desk	1,100000	2	0
11772	Chocolate Pie	1,100000	1	1
11807	Chopped Rosemary	1,100000	1	1
12247	Brown Clear Glass	1,100000	1	0
12257	Purple Clear Glass	1,100000	1	0
12490	Purple Enlightened Clear Glass	1,100000	1	0
12919	Cobbled Deepslate Flagstone Path	1,100000	2	0
13406	Redstone Comparator	1,100000	4	1
13642	Connecting Wine Stained Glass	1,100000	2	1
13801	Extraction Conveyor Upgrade	1,100000	1	0
13842	Cooked Rookfish	1,100000	1	0
13948	Maroon Connector	1,100000	1	0
14717	Cracked Polished Sourcestone: Small Bricks	1,100000	3	0
15236	Crimson Picket Fence Gate	1,100000	2	0
15349	Crimson Planks Top Roof	1,100000	3	0
15778	Crystalborn Catalyst	1,100000	1	0
16411	Cyan Cika Flat Seat Back	1,100000	1	0
16437	Cyan Florus Display Case	1,100000	1	0
16595	Cyan Concrete 7x	1,100000	2	1
16927	Cyan Green Bioshroom Flat Seat Back	1,100000	1	0
17011	Cyan Willow Flat Seat Back	1,100000	1	0
17056	Cyan Step Crafter Manager	1,100000	1	0
17385	Dark Oak Branch	1,100000	2	1
17395	Dark Oak Cabinet with Polished Tuff Countertop	1,100000	1	0
17490	Dark Oak Louvered Shutter	1,100000	3	0
17694	Dark Oak Trapdoor	1,100000	5	1
17768	Dark Prismarine Clover Paving	1,100000	2	0
18040	White Death Worm Chitin Boots	1,100000	2	0
18308	Deepslate Pane Window	1,100000	1	0
18315	Deepslate Pillar Trim	1,100000	1	0
18515	Depthrock Tile Stairs	1,100000	5	0
18735	Diamond Sword	1,100000	3	1
18810	Dim Light Blue Luminax Slab	1,100000	1	0
18881	Dimensional Stabilizer	1,100000	1	0
18933	Diorite Bridge Stair	1,100000	3	0
19178	Disc Fragment	1,100000	2	0
19919	Block of Duratium	1,100000	2	1
20350	Electric Rail	1,100000	2	0
21170	Endshelf	1,100000	1	0
21210	Energy Cell	1,100000	1	0
21217	Energizing Orb	1,100000	1	0
21262	Energy Hopper (Nitro)	1,100000	1	0
21838	Citron Expansion Box	1,100000	1	0
22088	Smithing Template	1,100000	2	1
22964	256M MEGA Fluid Storage Cell	1,100000	2	0
22982	Fluidizer Fluid Injector	1,100000	1	0
22987	Simple Fluid Placer	1,100000	1	0
23072	Flux Point	1,100000	1	0
23272	Framed Door	1,100000	2	0
23425	Framed Sloped Prism	1,100000	2	0
23553	Frost Troll Leather Boots	1,100000	2	0
23847	Light Blue Enlightened Fused Quartz	1,100000	1	0
23851	Orange Enlightened Fused Quartz	1,100000	1	0
24067	Garland Multi Lights (Horizontal)	1,100000	1	0
24161	Gem Cutter	1,100000	1	0
24278	Glacial Basin	1,100000	1	0
25053	Gold Utility Vest	1,100000	1	0
25432	Grapefruit Trapdoor	1,100000	3	0
25558	Gray Attic Roof	1,100000	2	0
25582	Gray Baobab Flat Seat Back	1,100000	1	0
25591	Gray Blue Enchanted Seat	1,100000	1	0
25953	Gray Interdimensional Wireless Transmitter	1,100000	1	0
26009	Gray Otherplanks Raised Seat Back	1,100000	1	0
26129	Gray Maple Flat Seat Back	1,100000	1	0
26222	Gray Steel Tank Gauge	1,100000	1	0
26694	Green Cooler	1,100000	1	0
26716	Green Cushion	1,100000	2	1
26948	Green Mushroom	1,100000	1	1
27096	Green Mauve Raised Seat Back	1,100000	1	0
27289	Green Smogstem Display Case	1,100000	1	0
27711	Hay Bale 5x	1,100000	2	1
28440	Iesnium Ingot	1,100000	7	1
28499	Illuminant Pink Panel	1,100000	2	0
28629	Industrial Iron Window	1,100000	1	1
28983	Invar Tiny Dust	1,100000	6	1
29020	I/O Port	1,100000	1	0
29100	Iroko Planks	1,100000	4	0
29239	Iron Control Track	1,100000	1	0
29552	Jacaranda Planks	1,100000	29	1
29853	Jungle Horse Fence	1,100000	2	1
30124	Jungle Door with Multi Lit Wreath	1,100000	1	0
30260	Key Lime Slab	1,100000	3	0
31369	Lemon Door	1,100000	3	0
31493	Light Blue Banner	1,100000	2	1
31592	Light Blue Maple Seat	1,100000	1	0
31621	Light Blue Redwood Small Seat Back	1,100000	1	0
31746	Light Blue Dark Oak Raised Seat Back	1,100000	1	0
31783	Light Blue Cradlewood Small Seat Back	1,100000	1	0
32013	Light Blue Eucalyptus Small Seat Back	1,100000	1	0
32070	Light Blue Palm Tall Seat Back	1,100000	1	0
32344	Light Gray Baobab Raised Seat Back	1,100000	1	0
33314	Lime Green Enchanted Seat	1,100000	1	0
33922	Lime Sofa	1,100000	1	0
33981	Lime Dark Tall Seat Back	1,100000	1	0
34485	Dim Rose Luminax Block	1,100000	1	0
34943	Magenta Jacaranda Tall Seat Back	1,100000	1	0
35262	Magenta Iron Tank Valve	1,100000	1	0
35447	Magenta Mauve Raised Seat Back	1,100000	1	0
35503	Magenta Security Manager	1,100000	1	0
35773	Mahoujin Projector	1,100000	1	0
35958	Mangrove Fancy Sign	1,100000	1	0
36327	Maple Candied Bacon	1,100000	1	0
36331	Maple Syrup Pancakes	1,100000	1	0
36371	Mars Stone Brick Stairs	1,100000	5	0
37077	Dosimeter Unit	1,100000	1	0
37116	Height Controller	1,100000	1	0
37580	Mossy Etched Nagastone	1,100000	1	0
37940	Netherstar Mycelial Generator	1,100000	1	0
38113	Example Necklace Chain	1,100000	3	0
38837	Nuclear Alloy Large Plate	1,100000	1	0
39067	Oak Paper Trapdoor	1,100000	1	0
39080	Oak Planks 3x	1,100000	2	1
39081	Oak Planks 4x	1,100000	2	1
40028	Orange Torreya Flat Seat Back	1,100000	1	0
40173	Orange Otherplanks Raised Seat Back	1,100000	1	0
40551	Blank Maze/Ore Map	1,100000	1	0
40734	Osmium Clump	1,100000	9	1
40808	Othercobblestone	1,100000	1	0
40827	Otherrock Bricks	1,100000	3	0
40987	Oxidized Copper Lantern	1,100000	1	0
41100	Painting	1,100000	2	1
41224	Pandanus Fence Gate	1,100000	3	0
41692	Pedestal (Display only)	1,100000	1	0
41794	Persimmon Banner	1,100000	1	1
41824	Persimmon Terracotta	1,100000	1	0
42183	Pink Ebony Raised Seat Back	1,100000	1	0
42359	Pink Cherry Small Seat Back	1,100000	1	0
42401	Pink Creative Disk Interface	1,100000	1	0
42762	Pink Larch Fancy Seat Back	1,100000	1	0
42844	Pink Sandstone	1,100000	1	1
43331	Space Breathing Upgrade	1,100000	1	0
43620	Polished Mud Bricks	1,100000	1	0
43855	1k Portable Item Cell	1,100000	1	0
43880	64k Portable Source Cell	1,100000	1	0
43957	Powdered Quartz	1,100000	2	0
44228	Prismarine Alloy Block	1,100000	1	1
44391	Prismarine Wall	1,100000	3	1
44872	Smithing Template	1,100000	1	1
44905	Purple Demonic Small Seat Back	1,100000	1	0
45025	Purple Mahogany Fancy Seat Back	1,100000	1	0
45487	Purple Alpha Tall Seat Back	1,100000	1	0
45534	Purple Dead Seat	1,100000	1	0
45554	Purple Joshua Raised Seat Back	1,100000	1	0
46065	Quartz Blend	1,100000	2	1
47093	Red Green Enchanted Seat	1,100000	1	0
47136	Red Palm Small Seat Back	1,100000	1	0
47183	Red White Mangrove Raised Seat Back	1,100000	1	0
47601	Red Nether Brick Botany Pot	1,100000	1	0
48131	Red Sorting Display Case	1,100000	1	0
48172	Red Grongle Raised Seat Back	1,100000	1	0
48199	Red Warped Small Seat Back	1,100000	1	0
48446	Reed	1,100000	3	0
48725	Lavender Painted Planks	1,100000	1	1
48739	Maple Bookcase	1,100000	2	0
48792	Pine Grandfather Clock	1,100000	1	0
49224	Reinforced Mossy Stone Brick Wall	1,100000	3	0
49969	Tablet of Summon Wilden	1,100000	2	0
50259	Rosewood Log	1,100000	1	0
50272	Rotary Condensentrator	1,100000	1	0
50441	Rubber Tree Log	1,100000	1	0
50714	Salak Stairs	1,100000	3	0
51542	Sequoia Stripped Wood	1,100000	3	0
51550	Sesame Oil	1,100000	1	0
51676	Shattered Sword	1,100000	1	0
52106	Silver Fir Button	1,100000	2	0
52400	Skyroot Boat with Chest	1,100000	2	0
54040	Possessed Elder Guardian Spawn Egg	1,100000	1	0
54345	Block Of Spirited Crystal 2x	1,100000	3	1
54481	Spruce Cabinet with Polished Tuff Countertop	1,100000	1	0
54539	Spruce Glass Trapdoor	1,100000	1	1
54596	Spruce Paper Trapdoor	1,100000	1	0
55103	Polished BlackStone Standing Torch - L	1,100000	1	0
56328	Stripped Lunar Wood	1,100000	4	0
56382	Stripped Northland Log	1,100000	3	0
56587	Stuffed Chili Peppers	1,100000	1	0
56808	Supremium Nugget	1,100000	1	1
57334	Tertium Scythe	1,100000	2	0
58579	Tree Fertilizer	1,100000	2	0
58976	Mangrove Bookcase	1,100000	2	0
59043	Twinbound Feather	1,100000	1	0
59045	Twinkling Icicle Lights (Cap)	1,100000	1	0
59165	Ultra Interface	1,100000	1	0
59315	Universal Block Modifier	1,100000	1	0
59744	Bannik's Shoes	1,100000	2	1
59840	Venus Sandstone	1,100000	1	0
59855	Veridium	1,100000	4	1
60063	Vibranium Block 1x	1,100000	2	1
60099	Vibranium Nugget	1,100000	6	1
60280	Red Wall Lamp (inverted)	1,100000	1	0
60336	Wandering Trader Spawn Egg	1,100000	2	0
60396	Warp Dust	1,100000	1	0
61551	White Dacite Brick Stairs	1,100000	5	0
62052	White Willow Fancy Seat Back	1,100000	1	0
62166	White Mining Fancy Seat Back	1,100000	1	0
62211	White Grongle Seat	1,100000	1	0
62634	Witch Hazel Bookshelf	1,100000	1	1
62693	Wizard Boots	1,100000	2	1
63210	Yellow Willow Small Seat Back	1,100000	1	0
63555	Yellow Microchip	1,100000	1	0
63865	Yellow Sorting Tall Seat Back	1,100000	1	0
64000	Zane Variant 10	1,100000	1	0
64128	Zinc Block 6x	1,100000	2	1
64168	Zion Variant 13	1,100000	1	0
64703	Time Fluid	1,100000	6	0
64759	Blue Banded Bee	1,100000	3	1
65055	Light Blue Pigment	1,100000	12	1
