# handle	amount
5	2708
12	27
13	12
23	4
27	463826
35	519
39	50291
44	315
47	4209
50	101999
60	73
62	5944
65	4819
69	34917
77	3
99	174
106	100789
109	402
110	1476
114	5
120	6511
121	10
131	1
136	14
160	1
163	1088
167	94458
171	1
178	98
188	110660
195	1035
204	7
210	1102
214	321093
218	16
221	6886
228	19478
237	1273
241	793442
244	8382
245	3
248	3960
252	1
253	47
258	148
264	28641
266	33950
267	9
268	1352
269	4
271	65975
283	229323
296	11
309	15560
310	32
327	180
330	60276
334	2718
340	61
342	222
346	1
348	7621
355	185597
364	1812
369	7
375	6480
381	4464
382	6
383	1
384	6358
387	161
391	33
393	148268
397	80113
399	85207
402	2
405	23883
411	1
413	2858
417	90860
423	179
445	3497
451	95
454	732438
469	97020
470	18348
479	19466
491	163675
501	12
503	65
504	2
505	4818
506	17176
513	666660
522	45231
526	555
532	12400
537	110013
549	509608
550	22
559	16
575	26663
577	54
578	40
589	52
590	807405
593	100077
594	5
601	2
602	102667
608	246
611	158
624	829867
625	2594
627	16
628	40
637	31969
638	58
643	32529
646	1853
648	300211
664	269
668	19
674	112
677	28
692	77757
711	2
715	997695
718	50033
722	2842
731	552139
732	1033
738	843
740	35552
749	933
751	110
766	14094
768	4171
777	829626
782	184485
796	3
802	71122
803	418
811	412
822	4384
824	19086
827	30213
829	5356
836	2759
843	37876
844	9968
850	1
851	540
860	475611
867	8
872	5322
873	1649
876	14005
877	159425
878	42167
880	432
881	7693
894	69715
899	2
901	16
902	3834
904	7
906	52
907	6
913	6032
918	367
919	106
921	1427
924	69766
934	615
935	16
938	228443
939	392
943	24479
950	8
953	1066
956	13
959	2608
961	354587
987	21
989	11
994	49095
995	747
1000	1879
1007	4125
1025	116558
1026	8
1030	625
1038	408606
1039	29
1044	4582
1053	62644
1056	181
1071	343
1076	22060
1085	215364
1090	774327
1095	19
1097	1776
1102	130068
1107	2
1109	12
1113	36
1128	734
1135	35
1139	83722
1154	674
1166	25
1168	46195
1181	110
1182	2
1191	9450
1198	4573
1199	418930
1202	204372
1203	400
1208	12201
1215	628
1216	242
1221	3216
1222	9
1223	8022
1231	795593
1235	1
1248	56
1257	4679
1266	4
1268	36
1269	43223
1277	33208
1280	834784
1281	6
1283	17711
1292	29
1299	4
1303	539
1308	15293
1323	385
1324	227692
1326	998
1330	300
1335	5906
1342	82440
1347	110904
1352	19
1354	18473
1357	10345
1362	137528
1366	2
1369	2725
1371	21
1382	21
1389	3
1391	18179
1399	963131
1405	1259
1408	5799
1431	233
1436	636768
1444	2
1452	66
1453	5775
1455	237039
1465	501
1467	6992
1468	1
1470	526670
1482	841
1485	247412
1488	3
1493	91954
1496	106681
1499	31752
1501	21905
1505	1
1517	11
1528	223
1537	229
1540	39014
1551	226
1553	3307
1557	2
1565	141
1567	671977
1572	499815
1576	120596
1581	4879
1583	5303
1587	1
1591	776439
1595	1482
1596	269386
1597	99
1599	121784
1606	12
1609	2
1610	22793
1622	59
1626	23008
1635	12793
1643	133416
1644	267
1645	33
1646	271461
1652	48
1658	13
1659	3
1661	1505
1668	198840
1669	858
1678	387
1679	498
1681	15149
1689	123
1693	11360
1697	13
1698	356017
1700	842
1705	22
1707	4
1715	5
1716	365
1717	2
1725	131998
1728	53
1734	6
1736	6
1737	561740
1740	101437
1744	1268
1753	43589
1754	1325
1755	56153
1759	263
1765	56
1766	264005
1779	252
1781	140125
1784	23330
1794	1
1795	361
1799	4
1812	114050
1813	55
1823	279660
1829	1196
1835	69039
1850	52443
1851	3
1856	179281
1859	11032
1872	163461
1878	2731
1883	656240
1886	2
1889	3
1907	76
1913	185
1914	10
1916	164
1922	88
1925	566181
1942	43
1950	322162
1952	2
1957	276709
1965	2
1966	147
1993	23
1995	144110
1999	31238
2003	15740
2004	243
2007	1007
2028	206
2033	38
2035	22
2038	46789
2043	171610
2049	74969
2050	771
2051	169231
2052	18211
2061	23
2064	61512
2065	98
2073	11
2075	3
2077	22448
2084	11
2103	5491
2108	11
2117	169
2118	35
2124	1445
2133	160944
2139	55037
2141	927
2145	14
2147	2
2148	10021
2151	4308
2171	3166
2180	53
2186	7
2189	151
2193	1387
2207	132173
2208	3
2213	26
2226	509
2230	454
2235	170699
2244	1
2246	1
2252	1792
2255	26935
2256	17493
2263	64105
2265	1108
2271	887205
2274	17359
2286	2016
2287	6
2290	238632
2293	889
2294	20
2303	8
2304	4535
2307	118
2316	213455
2325	10779
2337	3
2340	145
2342	83601
2347	3647
2349	387
2352	379
2356	2
2360	99342
2362	37337
2371	1699
2375	2
2379	28
2398	9709
2403	26
2404	254027
2418	250758
2427	200
2434	49
2437	862653
2438	33806
2440	38
2441	83
2444	61
2446	5
2447	9087
2461	611
2464	9
2466	9
2468	4028
2477	167576
2479	1
2481	38
2483	23153
2484	5030
2493	16
2495	516
2502	365828
2503	647
2507	109
2514	565595
2517	4139
2521	228990
2523	1342
2525	53563
2530	43539
2532	9779
2541	101
2547	40139
2549	21
2554	3761
2559	3380
2565	93
2567	9
2575	10
2593	967
2594	3
2595	1625
2600	3
2601	37
2604	32
2613	728
2616	3793
2620	180
2632	3
2634	7
2637	12
2638	353
2642	1898
2645	67053
2649	211
2666	532
2667	19137
2668	2709
2674	897
2678	343
2682	13
2690	56
2695	4
2699	2264
2702	100765
2704	4
2708	27
2715	79761
2719	417917
2724	36943
2734	16232
2742	3044
2748	17106
2750	7924
2753	31
2764	31
2774	295
2775	48114
2780	34301
2786	101394
2793	6
2812	4
2813	7425
2814	1489
2824	8365
2830	5519
2838	91766
2839	37848
2841	12
2842	5284
2849	84219
2853	3
2856	149122
2868	3
2875	6143
2877	1024
2880	267
2881	53193
2889	1490
2896	6
2915	107180
2923	38953
2925	73
2933	43879
2937	160951
2944	243
2951	929575
2960	102
2979	311257
2983	59
2985	309964
2990	10019
2996	17
2998	160
2999	1
3004	17
3006	37
3011	14736
3013	5
3016	9617
3024	3
3030	299010
3035	131704
3039	3435
3043	2
3046	14
3047	198362
3061	569966
3073	192
3076	96594
3083	4
3084	494946
3085	6003
3087	58
3090	212
3093	9
3102	93
3106	2257
3116	770
3122	5873
3129	799
3134	32
3136	5
3137	127
3141	20200
3145	5587
3147	2012
3149	130321
3155	2
3158	2329
3172	136072
3184	33
3185	2263
3186	11
3200	7432
3203	103826
3207	6547
3216	54446
3219	4
3221	2877
3222	6657
3224	64236
3227	1539
3228	1329
3232	1
3238	21
3239	101
3248	1
3253	50854
3254	2494
3265	3
3278	123
3285	576447
3290	44062
3292	341
3293	66
3312	198730
3316	8041
3319	105
3320	3116
3326	1531
3328	171
3330	490
3334	26071
3339	16
3340	3
3342	4740
3343	13584
3346	220424
3350	1
3351	283588
3353	21626
3357	7
3359	3409
3368	28
3370	4729
3375	53338
3382	2
3384	74990
3386	360805
3389	3274
3394	88
3399	129519
3400	2
3402	352734
3424	55410
3427	71
3434	49771
3443	2600
3453	5
3459	579
3465	43593
3467	22
3471	29839
3479	11876
3480	340158
3481	37972
3491	217127
3493	45
3495	4
3506	2
3508	75
3515	778
3516	393
3521	7
3527	6104
3531	105886
3534	47
3541	15235
3545	172
3548	9958
3555	14
3568	10582
3570	8059
3581	9
3585	20
3591	40
3594	94672
3595	259233
3599	343
3602	29637
3619	14
3623	140
3627	172734
3632	31
3633	667480
3634	84
3649	1294
3654	3
3662	59
3667	27985
3668	1
3677	5948
3685	1305
3696	37
3698	3335
3708	17316
3711	1003
3717	79
3721	2
3722	689221
3728	11289
3729	57
3732	511
3736	843
3744	138
3747	5550
3748	12
3750	229
3764	326
3767	69558
3776	676505
3778	3528
3779	32
3784	21402
3786	212592
3792	6466
3794	541852
3797	42
3801	3939
3803	986763
3806	102663
3808	421739
3812	3
3813	111
3817	242
3825	2947
3831	188356
3836	19
3839	925
3846	1105
3847	8
3865	696894
3870	385429
3871	15
3878	364182
3880	423
3882	564391
3887	56
3888	12898
3890	554
3892	184055
3893	17
3897	14
3899	216
3900	7312
3902	37
3908	4
3909	61316
3913	14
3915	171708
3917	20511
3918	115222
3920	172
3929	149919
3940	10021
3944	347
3950	654647
3956	90114
3957	4203
3960	1021
3969	26615
3970	10
3974	1555
3978	235
3980	1
3981	323096
4001	57
4003	101052
4004	195
4007	2
4009	4845
4012	2
4017	307
4026	76
4027	120429
4034	13
4037	19
4038	772376
4050	6
4054	354898
4055	2026
4056	825665
4062	14255
4071	2032
4072	2
4074	9
4080	1
4083	3
4086	236
4089	965
4095	11
4097	410
4104	109
4106	1137
4111	416054
4112	2789
4120	717331
4125	1422
4128	159001
4130	5496
4135	107962
4141	26
4148	30705
4175	181
4192	600310
4196	25
4201	1
4203	1114
4204	3870
4214	7874
4221	34772
4226	437
4235	2
4238	16774
4242	116389
4256	3
4265	7
4267	61
4277	9
4280	16290
4282	1908
4285	16
4286	8
4294	3
4298	18
4307	4507
4308	2252
4312	6010
4313	83
4329	2
4332	600605
4335	475
4336	2
4337	237015
4338	1175
4343	15
4344	1296
4347	87305
4348	3
4351	38826
4352	413821
4358	341
4361	4687
4368	758
4373	4
4374	6
4376	55787
4377	2891
4385	1467
4393	16
4407	359
4411	364795
4412	4
4413	266570
4415	304152
4416	119
4419	1211
4426	4905
4428	22433
4432	64
4437	20
4444	2
4447	48616
4450	9842
4451	2
4453	39
4466	33
4468	294800
4470	707
4471	4
4472	1936
4473	6
4493	236
4494	18
4495	2
4512	21
4520	7
4523	2966
4527	26236
4533	100
4542	3
4546	48946
4549	1786
4551	6446
4554	83
4555	1
4564	797
4565	29733
4569	1525
4576	1
4593	202338
4599	8412
4602	239
4605	12751
4607	36307
4617	251
4619	38
4623	571
4625	397
4627	1
4629	116
4636	2865
4640	4936
4651	125
4653	154014
4657	227759
4658	251
4666	41
4670	3
4671	133
4674	6
4676	30
4681	39379
4687	3
4688	2
4690	39480
4694	171233
4701	11
4702	34046
4707	10290
4711	3917
4721	215
4723	6081
4731	25326
4734	3
4736	421
4742	574
4748	92585
4753	184
4754	1629
4757	8671
4764	29
4768	41743
4770	431068
4771	7126
4787	7
4791	12
4792	2533
4795	43
4808	305
4814	24
4832	3785
4833	2
4839	179196
4850	161553
4863	1038
4866	80
4872	88135
4874	28281
4882	6589
4895	946929
4905	474
4907	3
4911	12878
4931	3984
4945	308614
4947	2
4948	5
4951	2446
4958	498880
4961	281
4966	52
4969	16
4977	6707
4982	1133
4985	119
4987	7
4988	483
4991	210
5001	230
5009	32
5014	78570
5024	973
5025	901664
5028	554529
5031	4
5049	456
5053	714613
5055	11
5062	341938
5065	86
5067	5208
5068	74578
5072	4
5082	102587
5085	2486
5088	2
5090	20
5097	110493
5106	4
5108	267
5110	21
5111	9748
5119	1584
5126	422
5127	146
5131	950
5134	1536
5135	9
5147	20100
5148	1156
5151	14
5157	8124
5176	42147
5182	3
5189	69
5200	35040
5207	178
5231	3799
5233	16
5255	35
5257	4
5260	2631
5264	17007
5265	31580
5273	8
5282	624079
5304	1597
5309	5
5311	5643
5314	162785
5315	613976
5316	58751
5321	15582
5334	954456
5337	39
5343	3
5347	1846
5348	10
5350	107488
5354	9161
5355	137132
5360	417025
5375	17
5379	218070
5399	52
5400	23
5402	18327
5407	3
5414	34
5418	16
5434	876934
5436	1772
5439	837138
5444	161941
5459	75474
5461	59
5464	19906
5485	106
5486	250
5488	29097
5489	189955
5491	9
5496	834998
5504	183898
5510	596570
5511	696
5512	22702
5514	43
5519	325
5529	2
5530	22111
5533	119
5534	113
5539	2
5540	21835
5543	2852
5545	14338
5551	39785
5552	1102
5557	735733
5566	136767
5570	19
5577	130
5579	7
5591	16
5592	3
5599	665
5603	125832
5608	4
5616	77592
5619	2863
5622	26067
5631	1498
5635	6688
5640	2
5646	34729
5653	330
5660	299220
5661	2
5665	42
5666	1844
5667	31186
5673	3
5681	7
5683	344730
5700	1694
5701	1473
5706	76
5707	2
5716	672
5726	1
5728	13
5731	2
5744	4059
5747	333940
5748	19231
5758	14
5760	483580
5761	16
5763	22
5764	1
5766	139046
5768	26
5774	124
5785	2653
5790	158778
5791	15017
5792	3110
5793	2
5794	99126
5799	179
5800	202
5802	22364
5805	5
5807	211
5812	1
5826	103487
5828	41417
5829	12601
5831	1
5833	64990
5844	173
5847	58
5854	3
5862	17
5863	76218
5877	1
5878	151
5881	4
5887	89252
5888	130
5889	51
5900	12
5904	15126
5906	5224
5915	29053
5920	39
5924	11
5925	4
5927	2
5931	36
5937	87
5946	655
5950	625727
5954	337956
5962	1139
5965	469432
5970	41
5975	77226
5976	496850
5979	7051
5980	97
5984	93
5986	6
6000	120618
6020	1132
6037	132
6043	24894
6052	542
6058	2006
6059	81
6067	651969
6070	4112
6072	94615
6074	338
6075	18
6078	2
6090	4036
6095	3473
6103	178412
6107	8289
6119	944
6122	164
6124	2
6131	386684
6133	62
6135	17
6138	4650
6144	5762
6145	2253
6147	4
6153	903061
6166	125995
6168	173538
6171	5
6175	29659
6176	3
6177	2
6179	2
6187	2
6191	2334
6193	468
6196	150
6197	247
6201	16
6203	37373
6216	12
6218	3193
6225	101
6227	57566
6233	422
6239	68925
6240	847
6246	101100
6250	18
6251	145492
6256	30
6257	32444
6271	1679
6275	113
6282	138206
6283	59181
6294	484242
6295	1342
6300	1
6303	6
6309	284
6313	343680
6320	8
6323	75
6326	45
6327	60211
6330	447
6334	33346
6339	410
6340	933774
6341	12507
6343	25
6346	183540
6351	374908
6355	22
6356	45452
6357	605
6358	52
6364	1307
6370	279
6373	3982
6379	8
6381	25
6406	164
6407	83526
6409	318538
6412	4
6418	174282
6420	21059
6430	78046
6436	364
6437	21
6438	864
6448	11940
6449	3410
6461	916
6462	697410
6465	621
6467	30
6473	13
6477	4
6480	344236
6484	2055
6486	23939
6494	518806
6495	2
6505	3484
6506	8575
6509	621276
6523	23063
6527	79
6529	47
6531	943
6542	696010
6549	7
6552	3065
6567	4963
6568	237
6573	6
6574	196
6579	22479
6580	221
6582	314772
6584	3
6585	3893
6586	7339
6590	2
6594	14875
6599	3144
6606	5
6616	66922
6624	28785
6629	3
6634	40186
6647	20804
6662	4
6668	131
6680	6
6683	376
6684	65106
6685	955
6690	5
6695	75429
6700	28638
6706	60
6708	428451
6710	54285
6711	1024
6716	27831
6718	56889
6720	20406
6724	1
6739	69
6758	11
6768	1305
6771	176
6783	877
6785	215309
6792	12468
6798	10
6801	62
6806	233
6810	451270
6830	159
6836	221557
6848	169
6865	4449
6866	15019
6867	467
6871	1206
6872	4928
6876	119680
6877	14
6892	15
6897	96
6915	773
6918	430
6920	497
6923	85
6924	362
6925	5
6928	70244
6933	14
6934	168
6939	69030
6940	3
6943	124
6946	10
6953	897
6956	14649
6959	8
6967	83980
6974	105
6986	373229
6987	67856
6996	11
6997	9046
7003	14
7010	31677
7015	4399
7016	9246
7017	185
7022	646077
7024	2129
7026	298196
7028	42
7031	12
7049	8
7054	202104
7055	6
7057	33
7059	44254
7063	69807
7078	15861
7081	38052
7085	2
7099	19
7100	927863
7104	42
7105	3
7107	3
7109	4
7110	9821
7116	2164
7120	608
7140	21
7141	91925
7145	64712
7146	7
7147	3
7153	7
7155	392
7163	97395
7165	3
7167	1
7168	139
7176	16456
7178	8440
7182	7
7184	134361
7186	667116
7190	9963
7191	19909
7192	298768
7195	4
7201	31543
7206	91
7210	1
7212	19
7215	13
7220	79859
7222	320215
7223	551
7232	1895
7235	124
7243	2
7245	16
7250	4
7251	350897
7255	519673
7259	867
7263	1196
7269	23
7270	930
7279	2920
7293	14158
7294	1
7313	6
7314	31
7316	112
7325	3
7329	176
7341	318733
7342	182
7347	11591
7349	833444
7358	9
7374	180
7375	139
7378	1
7386	637
7387	159
7393	163594
7396	70010
7402	4755
7405	150
7407	782056
7419	313176
7420	58
7421	103754
7425	7491
7428	5150
7441	45
7444	5243
7466	33093
7470	89
7471	64
7477	1
7488	192534
7489	5679
7497	490
7498	1
7499	59
7500	849
7505	4083
7507	13443
7509	11672
7510	297566
7511	213018
7514	29521
7517	163492
7523	7977
7527	125
7528	143
7530	21031
7531	79901
7533	616
7535	71
7547	120586
7551	666
7555	193462
7560	11
7562	371193
7563	16
7567	2296
7568	13
7573	1
7578	22378
7580	124633
7583	406066
7594	25757
7600	9
7601	2400
7607	6711
7623	3
7639	497
7647	1426
7655	223247
7656	874861
7660	1
7661	26443
7663	11581
7670	117
7671	927
7674	13510
7684	156945
7688	17
7700	13
7721	2903
7723	138677
7726	62476
7739	210732
7743	13
7752	587
7774	10
7775	1318
7779	20538
7783	1061
7798	26722
7799	219892
7804	976
7817	1955
7834	32
7840	2740
7841	1
7842	538
7847	3
7858	17729
7862	11
7868	3226
7869	377
7870	4103
7872	93783
7874	52034
7877	610
7879	11
7886	102798
7899	71728
7902	23930
7911	1545
7919	2013
7926	116
7935	36
7939	425163
7955	7
7956	5
7962	742797
7964	14001
7970	10219
7988	11
7991	2648
7996	18081
8000	4715
8002	900
8003	9
8010	1
8016	9
8018	81183
8025	43
8031	1921
8039	33
8040	3
8054	16
8061	345
8065	27
8068	90988
8070	74
8072	76
8073	12836
8080	11
8083	66564
8086	465116
8105	2
8106	54431
8108	75523
8109	5127
8110	165889
8111	916215
8112	13356
8116	794
8118	633634
8119	154434
8129	8
8132	5400
8134	7
8135	20536
8138	13
8142	70
8150	42919
8154	15
8166	3198
8167	68480
8177	45
8184	28436
8191	756677
8192	10955
8198	127
8201	1965
8216	41322
8220	2
8224	69233
8231	335
8232	5
8236	131217
8241	429
8245	143043
8247	2
8248	456342
8257	1639
8264	158554
8266	8944
8272	64
8281	29
8290	5042
8305	2
8307	192
8308	21612
8323	14
8336	111
8340	57367
8342	4271
8350	20
8357	219366
8359	1
8360	23151
8362	360855
8364	17690
8365	119362
8367	330
8368	2
8371	1
8376	277
8377	207
8389	81
8403	3128
8405	610
8406	5
8417	2031
8418	738
8419	997306
8421	2
8423	2
8424	7565
8429	232
8430	665
8437	503106
8441	59
8445	1
8448	186
8459	37885
8462	40951
8463	2
8466	15290
8471	2
8478	538
8485	32
8487	14
8490	9
8494	1667
8497	154
8502	37110
8526	20
8531	543
8533	26303
8547	52531
8550	775478
8552	1
8553	35689
8560	53
8577	1903
8582	74
8588	4747
8590	62992
8592	43096
8607	2984
8612	83
8614	72
8616	253
8617	17
8622	23558
8625	8
8628	1579
8640	33615
8650	83
8652	1699
8658	47386
8659	63061
8661	20
8663	3
8674	304
8689	264
8700	2205
8702	878064
8725	219502
8729	7
8732	910936
8736	33
8737	164
8747	158520
8748	15544
8756	1
8759	4
8767	129328
8770	1709
8776	48
8788	50868
8790	32498
8791	48
8813	200
8821	2465
8827	46
8842	44322
8849	12
8852	1167
8857	140136
8860	543235
8870	4
8878	172935
8879	781689
8883	759
8894	977130
8895	11221
8899	390
8905	1567
8910	761
8913	212055
8919	228
8924	10051
8928	91
8936	19
8943	592615
8952	17193
8955	739
8956	267245
8957	850
8959	1
8962	221634
8964	3477
8966	251870
8973	1361
8986	927025
9001	3
9005	210412
9008	21
9014	6
9015	26
9028	4
9031	22619
9032	6
9033	139
9035	17
9036	163570
9041	338695
9052	6936
9063	15200
9064	27
9070	325
9073	60843
9079	233959
9081	45152
9094	43
9099	6505
9100	155720
9108	589915
9109	3
9110	10
9112	4014
9113	142030
9115	5239
9121	44941
9122	14340
9127	953870
9130	71182
9134	20
9141	15074
9148	189041
9154	30484
9159	574520
9160	1677
9184	12117
9188	91
9190	845
9192	12288
9201	4
9205	75118
9218	1762
9220	7587
9222	2
9229	525516
9232	1613
9236	10
9239	26
9244	5319
9246	134
9252	73968
9257	3
9258	418
9263	351
9277	9896
9284	511711
9285	50
9290	2604
9296	4
9306	172453
9309	2
9311	104167
9314	588
9323	5
9340	483
9346	23483
9349	7621
9351	536133
9357	5000
9361	209
9365	6
9375	33
9376	40
9388	18853
9389	36621
9392	7
9395	7
9397	74
9410	34065
9416	78
9421	24715
9424	87332
9430	29
9433	291
9455	105110
9458	31
9460	254919
9463	31
9465	26288
9469	454
9479	112882
9480	127154
9489	5536
9490	301
9491	170435
9497	1
9511	154
9514	2
9524	303
9526	12
9531	15548
9536	2
9547	13
9554	969355
9559	135061
9574	2
9576	353458
9578	14533
9584	647723
9590	193369
9596	173498
9597	165494
9603	13
9614	14
9620	2
9626	3
9634	246095
9636	21
9643	14
9650	1447
9651	1522
9653	517782
9654	9704
9656	3
9662	196890
9669	60451
9671	89234
9673	40886
9676	1
9677	2640
9683	183646
9692	16
9693	5820
9702	2661
9714	56409
9726	352
9727	1316
9729	995542
9730	17
9733	41035
9745	46293
9746	6118
9747	84
9752	24
9756	15
9763	339445
9764	123733
9768	1571
9771	693556
9779	34032
9786	194055
9791	45
9794	3742
9800	19
9806	946517
9808	114
9820	179466
9824	45461
9832	29
9836	53699
9845	282
9846	226077
9849	99
9852	1064
9853	109
9855	1276
9864	1
9868	1
9869	48
9872	7
9873	56
9875	93354
9884	1
9887	379904
9890	250476
9893	146
9894	2
9898	139350
9901	3412
9903	2
9904	1490
9905	51305
9906	6456
9907	1978
9911	2148
9921	25109
9924	39714
9932	3
9939	10
9941	324990
9942	4
9943	503
9944	46480
9946	452144
9953	6
9963	93
9968	3
9981	1388
9982	844335
9985	11
9988	316
9990	5
9992	200200
9993	738829
9994	735
9998	7
10001	486
10003	9478
10007	111227
10011	10
10014	562639
10017	269
10025	5262
10027	933532
10032	117498
10033	1972
10034	589835
10046	1
10053	132
10074	147
10075	13695
10080	81
10090	127078
10093	2168
10097	45971
10106	21581
10115	6
10116	104622
10118	2
10120	159
10121	476
10123	2
10130	6624
10131	8997
10139	2586
10141	11053
10143	2486
10152	809204
10156	2
10161	443
10165	35
10168	732832
10170	63
10178	3
10184	432332
10191	12
10196	32343
10198	149
10207	77876
10212	491116
10215	9
10219	107607
10224	423
10226	338517
10231	1710
10233	21055
10235	5991
10239	783158
10241	21329
10243	2
10247	69765
10249	3
10251	8
10253	639237
10255	457
10260	1331
10263	914
10264	710
10270	621079
10279	2939
10281	856812
10284	1400
10291	35
10295	22
10304	455286
10325	128
10326	25
10332	2787
10334	2
10338	593
10341	54
10342	151
10348	171381
10357	1936
10363	15
10369	60
10371	29
10374	513365
10382	721
10385	856
10387	3
10395	17
10403	93
10406	56361
10409	5331
10410	44
10411	502
10414	111
10420	37898
10426	6
10431	12614
10432	11
10443	1
10448	1819
10449	18436
10457	6104
10458	46224
10472	2
10474	435
10480	135956
10485	10
10489	2
10490	45
10493	426778
10496	1226
10509	398
10510	5
10513	43
10515	118
10519	397
10525	42296
10527	13
10528	9790
10536	319
10538	1922
10546	85892
10554	5
10566	124408
10570	39
10576	742762
10580	50
10582	6
10602	153774
10606	5
10609	111
10613	21988
10627	263689
10635	1
10636	28
10642	6476
10644	2
10647	32815
10650	107768
10651	43170
10653	430266
10662	14
10663	703
10670	2
10676	67
10681	8
10684	2
10689	360296
10693	69
10699	31
10713	972518
10715	129688
10716	369592
10721	10137
10723	4377
10726	462
10727	266533
10728	15048
10730	1161
10732	69778
10734	10
10739	27120
10740	13821
10743	90199
10749	22
10752	31281
10758	150
10759	267482
10760	3
10765	91
10770	309
10774	1
10777	6111
10778	187
10780	1171
10781	1
10785	40
10793	6794
10795	84359
10803	7
10814	50
10821	4
10824	4
10833	324697
10835	305997
10836	381806
10840	127
10850	549
10860	29
10868	409764
10878	252
10883	128
10886	58
10905	78831
10909	22
10924	5826
10925	20176
10937	1636
10938	45637
10940	5564
10941	170
10942	121
10944	1
10945	2584
10946	756770
10953	15996
10955	1574
10960	43
10963	55
10968	3771
10969	12427
10980	28
10986	13002
10990	18684
10992	11867
11002	3256
11003	1
11004	820
11016	88
11018	416067
11019	287178
11026	2765
11030	98036
11032	129249
11044	158658
11047	185808
11050	137536
11057	242
11063	10
11067	2
11068	2
11087	58
11091	135116
11093	97902
11094	3586
11095	765
11098	676
11099	17819
11104	61401
11107	787871
11117	72
11118	885
11124	944240
11125	85
11131	12
11132	723
11133	2531
11141	104466
11154	164
11156	11720
11171	2
11174	484368
11175	174909
11177	112
11180	114
11182	30
11186	228362
11188	124818
11190	23559
11199	12
11208	26
11216	40449
11217	87221
11227	66846
11230	774
11233	199
11235	4518
11241	668522
11242	69242
11253	16643
11255	279
11258	94
11264	1739
11266	4289
11271	2
11275	28
11276	20047
11281	109507
11286	5354
11289	18174
11291	5041
11295	424786
11297	129
11302	1485
11307	7
11313	14421
11317	30455
11320	4
11323	16
11329	134
11333	2544
11334	1265
11336	836832
11339	8035
11341	27672
11347	3
11348	1
11354	310
11358	122
11362	9
11363	51
11369	198
11370	12
11371	285
11376	10
11384	2292
11389	47915
11394	9
11396	55
11407	46744
11409	73681
11412	5
11416	40137
11417	370612
11427	1503
11429	135
11430	675719
11438	171721
11440	360053
11441	6
11449	421253
11451	494
11452	4844
11461	42148
11463	59
11472	345512
11475	90682
11477	543481
11479	31
11481	5223
11495	197129
11496	18113
11497	4899
11502	804108
11505	6
11517	4
11527	101685
11536	465826
11539	1138
11540	84
11544	5077
11545	6
11547	27
11555	7
11556	914539
11563	408
11577	4007
11578	3790
11584	8174
11589	31160
11591	3
11599	2
11601	247
11611	74
11612	77
11617	3
11618	907941
11623	145714
11629	1
11633	640998
11635	87
11637	248007
11638	72320
11641	166
11642	1812
11647	49684
11651	2
11661	1187
11669	13643
11670	2838
11671	1
11673	1627
11683	731
11688	52
11692	4237
11693	42
11694	80371
11711	11467
11715	11
11717	317
11729	8796
11731	2196
11742	1875
11743	2
11745	857798
11752	11083
11760	7552
11762	994
11766	12504
11768	9636
11771	15032
11781	956
11792	21
11795	3
11799	1284
11801	1883
11802	7374
11803	3
11811	527
11812	156866
11814	3
11823	51515
11831	1600
11832	69252
11836	1
11844	2
11851	26
11860	5
11873	35543
11874	54709
11875	51111
11886	12
11887	281698
11888	2
11908	3007
11909	261762
11910	29111
11915	101
11917	1788
11919	290385
11920	114428
11930	10
11938	841
11940	264
11948	4805
11963	65665
11967	1670
11977	101
11988	11801
11992	43
11997	69
11998	808
12001	21
12010	7
12013	183817
12018	278
12021	5
