# key	value
dataset	recipes-nast
awr	/home/aduhtkjm/projects/aw/temp/recipes-nast.awr
awr_sha256	8ba03047c532c234987bcb9d61a1d384bd8fbb685bb49f5e499477b527ec2fdb
names	/home/aduhtkjm/projects/aw/temp/recipes-nast.names.tsv
seed	20260101
targets	256
big_scc_only	0
big_scc_targets	0
other_targets	0
amounts	1,100000
groups	none,leaves,random20
leaf_stock	1000000
random_frac	0.2
random_min	1
random_max	1000000
n_item	12717
n_leaf	2022
n_produced	10005
n_real	12027
n_recipe	25880
n_recipe_raw	41338
n_tag_recipe	8907
r2i_edges	43113
r2o_edges	28283
ws_edges	183483
big_scc_items	2595
targets_drawn	256
random20_stocked	2405
